{"options":{"check_for_updates":true,"comment":null,"compat_foreach":false,"compat_metadata":false,"compat_prototypes":false,"compat_wrappedjsobject":false,"compatopts_for_requires":true,"noframes":null,"override":{"merge_connects":true,"merge_excludes":true,"merge_includes":true,"merge_matches":true,"orig_connects":["vk.com","vk.me","userapi.com","vkuseraudio.net","vkuservideo.net","vk-cdn.net","youtube.com","youtube-nocookie.com","ytimg.com","googlevideo.com","video.google.com","google-analytics.com","api.amplitude.com","dailymotion.com","vimeo.com","vimeocdn.com","akamaized.net","odnoklassniki.ru","ok.ru","cdn-ok.com","mycdn.me","storage.mds.yandex.net","twitch.tv","sf-helper.net","televzr.com","127.0.0.1","pladform.ru","clipyou.ru","soundcloud.com","sndcdn.com","mail.ru","176.9.38.116","cdninstagram.com","fbcdn.net","facebook.com","sf-helper.com","savefr.com","travelbar.tools","promobar.tools","savefrom.net","self","*"],"orig_excludes":[],"orig_includes":["http://*","https://*"],"orig_matches":[],"orig_noframes":null,"orig_run_at":"document-end","use_blockers":[],"use_connects":[],"use_excludes":[],"use_includes":[],"use_matches":[]},"run_at":null},"settings":{"enabled":true,"position":7},"meta":{"name":"SaveFrom.net helper","uuid":"be7c4eaf-3461-49cb-a819-2826266bb078","modified":1623459679067,"file_url":"https://download.sf-helper.com/chrome/helper.user.js"}}