{"data":{"country":"s{\"w\":\"cn\"}","countryExpiresAt":"s{\"w\":1623718601}","dblTrack":"s{\"w\":{\"uuid\":\"142d679b-c231-44dc-bef0-fa60873363f3\",\"time\":1623544867058}}","experiments.config":"s{\"w\":{\"payload\":{\"320-4375.aliwiz.topbar\":{\"enabled\":true,\"percent\":100,\"countries\":[\"all\"],\"languages\":[\"all\"],\"browsers\":[\"Userjs\",\"Firefox\",\"Chrome\"],\"tasks\":[\"320-4375\"],\"name\":\"320-4375.aliwiz.topbar\"},\"03.2020.tracking.visits.store\":{\"enabled\":false,\"percent\":50,\"countries\":[\"all\"],\"languages\":[\"all\"],\"browsers\":[\"Userjs\"],\"tasks\":[\"320-4293\"],\"name\":\"03.2020.tracking.visits.store\"},\"ummy.replace.televzr\":{\"enabled\":true,\"percent\":100,\"languages\":[\"all\"],\"browsers\":[\"Chrome\",\"Opera\",\"UserJs\",\"Firefox\"],\"platforms\":[\"Windows\",\"Mac OS\",\"iOS\",\"Android\",\"Linux\"],\"tasks\":[\"320-4174\"],\"name\":\"ummy.replace.televzr\"},\"example.all\":{\"enabled\":false,\"percent\":100,\"countries\":[\"ru\"],\"languages\":[\"en\",\"ru\"],\"browsers\":[\"Chrome\",\"Opera\",\"UserJs\",\"Firefox\"],\"platforms\":[\"Windows\",\"Mac OS\",\"iOS\",\"Android\",\"Linux\"],\"tasks\":[\"tasks-number\"],\"name\":\"example.all\"}},\"lastUpdated\":1623569064362}}","experiments.main":"s{\"w\":{\"320-4375.aliwiz.topbar\":{\"name\":\"320-4375.aliwiz.topbar\",\"config\":{\"enabled\":true,\"percent\":100,\"countries\":[\"all\"],\"languages\":[\"all\"],\"browsers\":[\"Userjs\",\"Firefox\",\"Chrome\"],\"tasks\":[\"320-4375\"],\"name\":\"320-4375.aliwiz.topbar\"},\"allowed\":true},\"03.2020.tracking.visits.store\":{\"name\":\"03.2020.tracking.visits.store\",\"config\":{\"enabled\":false,\"percent\":50,\"countries\":[\"all\"],\"languages\":[\"all\"],\"browsers\":[\"Userjs\"],\"tasks\":[\"320-4293\"],\"name\":\"03.2020.tracking.visits.store\"},\"allowed\":false},\"ummy.replace.televzr\":{\"name\":\"ummy.replace.televzr\",\"config\":{\"enabled\":true,\"percent\":100,\"languages\":[\"all\"],\"browsers\":[\"Chrome\",\"Opera\",\"UserJs\",\"Firefox\"],\"platforms\":[\"Windows\",\"Mac OS\",\"iOS\",\"Android\",\"Linux\"],\"tasks\":[\"320-4174\"],\"name\":\"ummy.replace.televzr\"},\"allowed\":true},\"example.all\":{\"name\":\"example.all\",\"config\":{\"enabled\":false,\"percent\":100,\"countries\":[\"ru\"],\"languages\":[\"en\",\"ru\"],\"browsers\":[\"Chrome\",\"Opera\",\"UserJs\",\"Firefox\"],\"platforms\":[\"Windows\",\"Mac OS\",\"iOS\",\"Android\",\"Linux\"],\"tasks\":[\"tasks-number\"],\"name\":\"example.all\"},\"allowed\":false}}}","lc":"s{\"w\":false}","liteStorage":"s{\"w\":{\"lastVersion\":\"9.52.2\",\"lastVersionExpire\":1624068355,\"fromIdTimeout\":1612780488,\"trackTimeout\":1623588012,\"fromId\":403,\"sendInGaTimeout\":1622081526}}","onceShowYtTooltip":"s{\"w\":0}","onceShowYtTutorial":"s{\"w\":1}","onceTrackAviaBar":"s{\"w\":0}","share_distributor.exp_helper_pro":"s{\"w\":{\"isShared\":false,\"percent\":10}}","share_distributor.exp_helper_pro3":"s{\"w\":{\"isShared\":false,\"percent\":10}}","share_distributor.helper_pro_exp":"s{\"w\":{\"isShared\":true,\"percent\":100}}","showUmmyLanding":"s{\"w\":1}","ummyDetected":"s{\"w\":0}","uuid":"s{\"w\":\"467445fb-ba6e-4bcb-bd71-b8e5d107d9fe\"}","version":"s{\"w\":\"9.52.2\"}","ytLastSignature":"s{\"w\":{\"sts\":18774,\"actionList\":[[\"swap\",57],[\"reverse\",null],[\"swap\",13],[\"reverse\",null],[\"splice\",1],[\"swap\",40],[\"splice\",1],[\"swap\",19]],\"expiresAt\":1622533112,\"playerUrl\":\"https://www.youtube.com/s/player/0b643cd1/player_ias.vflset/zh_CN/base.js\"}}"},"ts":1623569064363}