{"options":{"awareOfChrome":false,"check_for_updates":true,"comment":null,"compat_arrayleft":false,"compat_foreach":false,"compat_forvarin":false,"compat_metadata":false,"compat_uW_gmonkey":false,"compat_wrappedjsobject":false,"compatopts_for_requires":true,"noframes":null,"override":{"merge_connects":true,"merge_excludes":true,"merge_includes":true,"merge_matches":true,"orig_connects":[],"orig_excludes":["http://www.youtube.com/embed/*","https://www.youtube.com/embed/*"],"orig_includes":["http://www.youtube.com/*","https://www.youtube.com/*"],"orig_matches":["http://www.youtube.com/*","https://www.youtube.com/*","http://localhost:8083/*","http://s.ytimg.com/yts/jsbin/html5player*","https://s.ytimg.com/yts/jsbin/html5player*","http://manifest.googlevideo.com/*","https://manifest.googlevideo.com/*","http://*.googlevideo.com/videoplayback*","https://*.googlevideo.com/videoplayback*","http://*.youtube.com/videoplayback*","https://*.youtube.com/videoplayback*"],"orig_noframes":null,"orig_run_at":"document-idle","use_blockers":[],"use_connects":[],"use_excludes":[],"use_includes":[],"use_matches":[]},"run_at":null},"settings":{"enabled":true,"position":6},"meta":{"name":"YouTuBeChangeScreen","uuid":"1b12551c-593f-4808-b175-4573c468ff56","modified":1611729015713,"file_url":"https://greasyfork.org/scripts/387513-youtubechangescreen/code/YouTuBeChangeScreen.user.js"}}