{"options":{"check_for_updates":true,"comment":null,"compat_foreach":false,"compat_metadata":false,"compat_prototypes":false,"compat_wrappedjsobject":false,"compatopts_for_requires":true,"noframes":null,"override":{"merge_connects":true,"merge_excludes":true,"merge_includes":true,"merge_matches":true,"orig_connects":[],"orig_excludes":[],"orig_includes":["*://*.zhihu.com/*"],"orig_matches":[],"orig_noframes":null,"orig_run_at":"document-end","use_blockers":[],"use_connects":[],"use_excludes":[],"use_includes":[],"use_matches":[]},"run_at":null},"settings":{"enabled":true,"position":11},"meta":{"name":"免登陆看知乎、专栏","uuid":"cbd887e6-08e5-4d29-8840-9af25797be9d","modified":1623546580109,"file_url":"https://greasyfork.org/scripts/427784-%E5%85%8D%E7%99%BB%E9%99%86%E7%9C%8B%E7%9F%A5%E4%B9%8E-%E4%B8%93%E6%A0%8F/code/%E5%85%8D%E7%99%BB%E9%99%86%E7%9C%8B%E7%9F%A5%E4%B9%8E%E3%80%81%E4%B8%93%E6%A0%8F.user.js"}}