{"data":{"$check":"o{\"baidu#oXGUXC1-Rdh2ldHZsWtQ2A\":{\"share_id\":\"oXGUXC1-Rdh2ldHZsWtQ2A\",\"share_source\":\"baidu\",\"check_state\":2,\"check_time\":1621318905831},\"baidu#0xb4FlIv4JDIykn-7W88YA\":{\"share_id\":\"0xb4FlIv4JDIykn-7W88YA\",\"share_source\":\"baidu\",\"check_state\":-1,\"check_time\":1621508590770},\"baidu#WNO4lw4g8d7G59byKqrpyw\":{\"share_id\":\"WNO4lw4g8d7G59byKqrpyw\",\"share_source\":\"baidu\",\"check_state\":1,\"check_time\":1622027320382},\"baidu#xivFNj0HsvEbsdTMbacZ0g\":{\"share_id\":\"xivFNj0HsvEbsdTMbacZ0g\",\"share_source\":\"baidu\",\"check_state\":2,\"check_time\":1622027320276},\"baidu#eDJZTUwZhoanaoezbdSXaA\":{\"share_id\":\"eDJZTUwZhoanaoezbdSXaA\",\"share_source\":\"baidu\",\"check_state\":2,\"check_time\":1622030077642}}","$config":"o{\"uid\":\"ej276n62y33wlhaloceee3zr05fudzi1\"}","$storage":"o{\"version_date\":\"20210613\",\"version_payload\":{\"version\":\"0.2.0\"},\"version_latest\":\"0.2.0\"}"},"ts":1623541241967}