{"options":{"awareOfChrome":false,"check_for_updates":true,"comment":null,"compat_arrayleft":false,"compat_foreach":false,"compat_forvarin":false,"compat_metadata":false,"compat_uW_gmonkey":false,"compat_wrappedjsobject":false,"compatopts_for_requires":true,"noframes":null,"override":{"merge_connects":true,"merge_excludes":true,"merge_includes":true,"merge_matches":true,"orig_excludes":[],"orig_includes":[],"orig_matches":["https://www.bilibili.com/video/av*","https://www.bilibili.com/bangumi/play/ss*","https://www.bilibili.com/bangumi/play/ep*","https://www.youtube.com/watch?v=*","https://v.qq.com/x/page/*","https://v.qq.com/x/cover/*"],"orig_noframes":null,"orig_run_at":"document-idle","use_blockers":[],"use_connects":[],"use_excludes":[],"use_includes":[],"use_matches":[]},"run_at":null},"settings":{"enabled":true,"position":5},"meta":{"name":"自动网页全屏播放","uuid":"5beb69b0-695c-4f6b-ab58-5e340ddaac5d","modified":1583589876489,"file_url":"https://greasyfork.org/scripts/384233-%E8%87%AA%E5%8A%A8%E7%BD%91%E9%A1%B5%E5%85%A8%E5%B1%8F%E6%92%AD%E6%94%BE/code/%E8%87%AA%E5%8A%A8%E7%BD%91%E9%A1%B5%E5%85%A8%E5%B1%8F%E6%92%AD%E6%94%BE.user.js"}}